1 	97	mmu-miR-223-5p 	Tank 	TRAF family member-associated Nf-kappa B activator	
2 	96	mmu-miR-223-5p 	Tm2d2 	TM2 domain containing 2	
3 	96	mmu-miR-223-5p 	Sema3a 	sema domain, immunoglobulin domain (Ig), short basic domain, secreted, (semaphorin) 3A	
4 	96	mmu-miR-223-5p 	Pbrm1 	polybromo 1	
5 	96	mmu-miR-223-5p 	Sec23ip 	Sec23 interacting protein	
6 	95	mmu-miR-223-5p 	Iqck 	IQ motif containing K	
7 	95	mmu-miR-223-5p 	Cnot7 	CCR4-NOT transcription complex, subunit 7	
8 	95	mmu-miR-223-5p 	Lrp6 	low density lipoprotein receptor-related protein 6	
9 	95	mmu-miR-223-5p 	Atp2a2 	ATPase, Ca++ transporting, cardiac muscle, slow twitch 2	
10 	94	mmu-miR-223-5p 	Ctdsp1 	CTD (carboxy-terminal domain, RNA polymerase II, polypeptide A) small phosphatase 1	
11 	94	mmu-miR-223-5p 	Ranbp10 	RAN binding protein 10	
12 	93	mmu-miR-223-5p 	Slc7a11 	solute carrier family 7 (cationic amino acid transporter, y+ system), member 11	
13 	93	mmu-miR-223-5p 	Zfp781 	zinc finger protein 781	
14 	93	mmu-miR-223-5p 	Mgat4a 	mannoside acetylglucosaminyltransferase 4, isoenzyme A	
15 	93	mmu-miR-223-5p 	Acss3 	acyl-CoA synthetase short-chain family member 3	
16 	93	mmu-miR-223-5p 	Zbtb10 	zinc finger and BTB domain containing 10	
17 	93	mmu-miR-223-5p 	Brwd3 	bromodomain and WD repeat domain containing 3	
18 	92	mmu-miR-223-5p 	Fbxl2 	F-box and leucine-rich repeat protein 2	
19 	92	mmu-miR-223-5p 	Aftph 	aftiphilin	
20 	92	mmu-miR-223-5p 	Snrnp27 	small nuclear ribonucleoprotein 27 (U4/U6.U5)	
21 	92	mmu-miR-223-5p 	Gtpbp2 	GTP binding protein 2	
22 	92	mmu-miR-223-5p 	Elmsan1 	ELM2 and Myb/SANT-like domain containing 1	
23 	91	mmu-miR-223-5p 	Zfp738 	zinc finger protein 738	
24 	91	mmu-miR-223-5p 	Tmem220 	transmembrane protein 220	
25 	91	mmu-miR-223-5p 	Zfp930 	zinc finger protein 930	
26 	91	mmu-miR-223-5p 	Ankrd26 	ankyrin repeat domain 26	
27 	91	mmu-miR-223-5p 	Calr3 	calreticulin 3	
28 	91	mmu-miR-223-5p 	Smad9 	SMAD family member 9	
29 	91	mmu-miR-223-5p 	Lrrc19 	leucine rich repeat containing 19	
30 	90	mmu-miR-223-5p 	Twf1 	twinfilin actin binding protein 1	
31 	90	mmu-miR-223-5p 	Spidr 	scaffolding protein involved in DNA repair	
32 	90	mmu-miR-223-5p 	Fuz 	fuzzy planar cell polarity protein	
33 	90	mmu-miR-223-5p 	Fbxo5 	F-box protein 5	
34 	90	mmu-miR-223-5p 	Hpgds 	hematopoietic prostaglandin D synthase	
35 	90	mmu-miR-223-5p 	Rab6a 	RAB6A, member RAS oncogene family	
36 	90	mmu-miR-223-5p 	Orc3 	origin recognition complex, subunit 3	
37 	90	mmu-miR-223-5p 	Fezf1 	Fez family zinc finger 1	
38 	90	mmu-miR-223-5p 	Lrat 	lecithin-retinol acyltransferase (phosphatidylcholine-retinol-O-acyltransferase)	
39 	89	mmu-miR-223-5p 	Abhd17b 	abhydrolase domain containing 17B	
40 	89	mmu-miR-223-5p 	Mmp16 	matrix metallopeptidase 16	
41 	89	mmu-miR-223-5p 	Mtor 	mechanistic target of rapamycin kinase	
42 	89	mmu-miR-223-5p 	Cyp26b1 	cytochrome P450, family 26, subfamily b, polypeptide 1	
43 	89	mmu-miR-223-5p 	Cyp2c65 	cytochrome P450, family 2, subfamily c, polypeptide 65	
44 	89	mmu-miR-223-5p 	Ntrk3 	neurotrophic tyrosine kinase, receptor, type 3	
45 	89	mmu-miR-223-5p 	Hmx2 	H6 homeobox 2	
46 	89	mmu-miR-223-5p 	Sptlc3 	serine palmitoyltransferase, long chain base subunit 3	
47 	89	mmu-miR-223-5p 	Cip2a 	cell proliferation regulating inhibitor of protein phosphatase 2A	
48 	89	mmu-miR-223-5p 	Mageb4 	melanoma antigen, family B, 4	
49 	89	mmu-miR-223-5p 	Synj2bp 	synaptojanin 2 binding protein	
50 	89	mmu-miR-223-5p 	Eif4g3 	eukaryotic translation initiation factor 4 gamma, 3	
51 	89	mmu-miR-223-5p 	Kcnj14 	potassium inwardly-rectifying channel, subfamily J, member 14	
52 	89	mmu-miR-223-5p 	Gosr1 	golgi SNAP receptor complex member 1	
53 	88	mmu-miR-223-5p 	Zfp641 	zinc finger protein 641	
54 	88	mmu-miR-223-5p 	Mak16 	MAK16 homolog	
55 	88	mmu-miR-223-5p 	Ddx19b 	DEAD (Asp-Glu-Ala-Asp) box polypeptide 19b	
56 	88	mmu-miR-223-5p 	Far2 	fatty acyl CoA reductase 2	
57 	87	mmu-miR-223-5p 	Rgs7bp 	regulator of G-protein signalling 7 binding protein	
58 	87	mmu-miR-223-5p 	Tmeff1 	transmembrane protein with EGF-like and two follistatin-like domains 1	
59 	87	mmu-miR-223-5p 	Dop1a 	DOP1 leucine zipper like protein A	
60 	87	mmu-miR-223-5p 	Rab14 	RAB14, member RAS oncogene family	
61 	87	mmu-miR-223-5p 	Cyp2j6 	cytochrome P450, family 2, subfamily j, polypeptide 6	
62 	87	mmu-miR-223-5p 	Treml2 	triggering receptor expressed on myeloid cells-like 2	
63 	87	mmu-miR-223-5p 	Phf21b 	PHD finger protein 21B	
64 	87	mmu-miR-223-5p 	Zfp819 	zinc finger protein 819	
65 	87	mmu-miR-223-5p 	Fndc3b 	fibronectin type III domain containing 3B	
66 	86	mmu-miR-223-5p 	Plac9b 	placenta specific 9b	
67 	86	mmu-miR-223-5p 	E2f8 	E2F transcription factor 8	
68 	86	mmu-miR-223-5p 	Lpp 	LIM domain containing preferred translocation partner in lipoma	
69 	86	mmu-miR-223-5p 	Aldh1l2 	aldehyde dehydrogenase 1 family, member L2	
70 	86	mmu-miR-223-5p 	Hhip 	Hedgehog-interacting protein	
71 	86	mmu-miR-223-5p 	Fmo6 	flavin containing monooxygenase 6	
72 	86	mmu-miR-223-5p 	Ptk7 	PTK7 protein tyrosine kinase 7	
73 	86	mmu-miR-223-5p 	Efnb2 	ephrin B2	
74 	85	mmu-miR-223-5p 	Klf10 	Kruppel-like factor 10	
75 	85	mmu-miR-223-5p 	Gabrb3 	gamma-aminobutyric acid (GABA) A receptor, subunit beta 3	
76 	85	mmu-miR-223-5p 	Atad1 	ATPase family, AAA domain containing 1	
77 	85	mmu-miR-223-5p 	Txlnb 	taxilin beta	
78 	85	mmu-miR-223-5p 	Zfp697 	zinc finger protein 697	
79 	85	mmu-miR-223-5p 	Mtf2 	metal response element binding transcription factor 2	
80 	85	mmu-miR-223-5p 	Med12 	mediator complex subunit 12	
81 	85	mmu-miR-223-5p 	Pcdh7 	protocadherin 7	
82 	85	mmu-miR-223-5p 	Pak3 	p21 (RAC1) activated kinase 3	
83 	84	mmu-miR-223-5p 	Tnfrsf21 	tumor necrosis factor receptor superfamily, member 21	
84 	84	mmu-miR-223-5p 	Zfpm2 	zinc finger protein, multitype 2	
85 	84	mmu-miR-223-5p 	Ercc6l2 	excision repair cross-complementing rodent repair deficiency, complementation group 6 like 2	
86 	84	mmu-miR-223-5p 	Srp19 	signal recognition particle 19	
87 	84	mmu-miR-223-5p 	Cplx2 	complexin 2	
88 	84	mmu-miR-223-5p 	Micu2 	mitochondrial calcium uptake 2	
89 	84	mmu-miR-223-5p 	Hs2st1 	heparan sulfate 2-O-sulfotransferase 1	
90 	84	mmu-miR-223-5p 	Naa30 	N(alpha)-acetyltransferase 30, NatC catalytic subunit	
91 	84	mmu-miR-223-5p 	Sh2d2a 	SH2 domain containing 2A	
92 	84	mmu-miR-223-5p 	Twsg1 	twisted gastrulation BMP signaling modulator 1	
93 	83	mmu-miR-223-5p 	Colec10 	collectin sub-family member 10	
94 	83	mmu-miR-223-5p 	Slc2a1 	solute carrier family 2 (facilitated glucose transporter), member 1	
95 	83	mmu-miR-223-5p 	Cfap20 	cilia and flagella associated protein 20	
96 	83	mmu-miR-223-5p 	Gm8369 	predicted gene 8369	
97 	83	mmu-miR-223-5p 	Papss1 	3'-phosphoadenosine 5'-phosphosulfate synthase 1	
98 	83	mmu-miR-223-5p 	Irf4 	interferon regulatory factor 4	
99 	82	mmu-miR-223-5p 	Arxes2 	adipocyte-related X-chromosome expressed sequence 2	
100 	82	mmu-miR-223-5p 	Rassf8 	Ras association (RalGDS/AF-6) domain family (N-terminal) member 8	
101 	82	mmu-miR-223-5p 	Wdr86 	WD repeat domain 86	
102 	82	mmu-miR-223-5p 	Loxl4 	lysyl oxidase-like 4	
103 	82	mmu-miR-223-5p 	Gm14440 	predicted gene 14440	
104 	82	mmu-miR-223-5p 	Ywhaq 	tyrosine 3-monooxygenase/tryptophan 5-monooxygenase activation protein theta	
105 	81	mmu-miR-223-5p 	Dclk1 	doublecortin-like kinase 1	
106 	81	mmu-miR-223-5p 	Ncf1 	neutrophil cytosolic factor 1	
107 	81	mmu-miR-223-5p 	Atp2b2 	ATPase, Ca++ transporting, plasma membrane 2	
108 	81	mmu-miR-223-5p 	Rras2 	related RAS viral (r-ras) oncogene 2	
109 	81	mmu-miR-223-5p 	Pipox 	pipecolic acid oxidase	
110 	81	mmu-miR-223-5p 	Nrxn1 	neurexin I	
111 	81	mmu-miR-223-5p 	Rbbp7 	retinoblastoma binding protein 7, chromatin remodeling factor	
112 	81	mmu-miR-223-5p 	Irx2 	Iroquois homeobox 2	
113 	81	mmu-miR-223-5p 	Tarsl2 	threonyl-tRNA synthetase-like 2	
114 	81	mmu-miR-223-5p 	Nsd3 	nuclear receptor binding SET domain protein 3	
115 	81	mmu-miR-223-5p 	Pcmtd1 	protein-L-isoaspartate (D-aspartate) O-methyltransferase domain containing 1	
116 	81	mmu-miR-223-5p 	Tent5a 	terminal nucleotidyltransferase 5A	
117 	81	mmu-miR-223-5p 	Fbxl22 	F-box and leucine-rich repeat protein 22	
118 	81	mmu-miR-223-5p 	Nhsl1 	NHS-like 1	
119 	81	mmu-miR-223-5p 	Slc25a31 	solute carrier family 25 (mitochondrial carrier; adenine nucleotide translocator), member 31	
120 	81	mmu-miR-223-5p 	A130010J15Rik 	RIKEN cDNA A130010J15 gene	
121 	81	mmu-miR-223-5p 	Ankrd17 	ankyrin repeat domain 17	
122 	81	mmu-miR-223-5p 	Mctp1 	multiple C2 domains, transmembrane 1	
123 	80	mmu-miR-223-5p 	Adgrf5 	adhesion G protein-coupled receptor F5	
124 	80	mmu-miR-223-5p 	D630023F18Rik 	RIKEN cDNA D630023F18 gene	
125 	80	mmu-miR-223-5p 	Lrrc74b 	leucine rich repeat containing 74B	
126 	80	mmu-miR-223-5p 	D17H6S53E 	DNA segment, Chr 17, human D6S53E	
127 	80	mmu-miR-223-5p 	Lyn 	LYN proto-oncogene, Src family tyrosine kinase	
128 	80	mmu-miR-223-5p 	Prpsap2 	phosphoribosyl pyrophosphate synthetase-associated protein 2	
129 	80	mmu-miR-223-5p 	Vrk1 	vaccinia related kinase 1	
130 	80	mmu-miR-223-5p 	Snap23 	synaptosomal-associated protein 23	
131 	80	mmu-miR-223-5p 	Fam32a 	family with sequence similarity 32, member A	
132 	80	mmu-miR-223-5p 	Aktip 	thymoma viral proto-oncogene 1 interacting protein	
133 	80	mmu-miR-223-5p 	Lyg2 	lysozyme G-like 2	
134 	80	mmu-miR-223-5p 	Nppc 	natriuretic peptide type C	
135 	79	mmu-miR-223-5p 	Ube2c 	ubiquitin-conjugating enzyme E2C	
136 	79	mmu-miR-223-5p 	Rbm7 	RNA binding motif protein 7	
137 	79	mmu-miR-223-5p 	Mal2 	mal, T cell differentiation protein 2	
138 	79	mmu-miR-223-5p 	P4ha3 	procollagen-proline, 2-oxoglutarate 4-dioxygenase (proline 4-hydroxylase), alpha polypeptide III	
139 	79	mmu-miR-223-5p 	Tctex1d1 	Tctex1 domain containing 1	
140 	79	mmu-miR-223-5p 	Scfd1 	Sec1 family domain containing 1	
141 	79	mmu-miR-223-5p 	Pitpnb 	phosphatidylinositol transfer protein, beta	
142 	79	mmu-miR-223-5p 	Aak1 	AP2 associated kinase 1	
143 	79	mmu-miR-223-5p 	Fech 	ferrochelatase	
144 	79	mmu-miR-223-5p 	Ece1 	endothelin converting enzyme 1	
145 	79	mmu-miR-223-5p 	Gm15881 	predicted gene 15881	
146 	79	mmu-miR-223-5p 	Ehbp1 	EH domain binding protein 1	
147 	79	mmu-miR-223-5p 	Plek 	pleckstrin	
148 	78	mmu-miR-223-5p 	Akap2 	A kinase (PRKA) anchor protein 2	
149 	78	mmu-miR-223-5p 	Slc25a21 	solute carrier family 25 (mitochondrial oxodicarboxylate carrier), member 21	
150 	78	mmu-miR-223-5p 	Mrgprf 	MAS-related GPR, member F	
151 	78	mmu-miR-223-5p 	Rab12 	RAB12, member RAS oncogene family	
152 	78	mmu-miR-223-5p 	Bbip1 	BBSome interacting protein 1	
153 	78	mmu-miR-223-5p 	Lig3 	ligase III, DNA, ATP-dependent	
154 	78	mmu-miR-223-5p 	Sorbs2 	sorbin and SH3 domain containing 2	
155 	78	mmu-miR-223-5p 	Patj 	PATJ, crumbs cell polarity complex component	
156 	78	mmu-miR-223-5p 	Pura 	purine rich element binding protein A	
157 	78	mmu-miR-223-5p 	Tbl1xr1 	transducin (beta)-like 1X-linked receptor 1	
158 	78	mmu-miR-223-5p 	B3gnt5 	UDP-GlcNAc:betaGal beta-1,3-N-acetylglucosaminyltransferase 5	
159 	77	mmu-miR-223-5p 	Cnga4 	cyclic nucleotide gated channel alpha 4	
160 	77	mmu-miR-223-5p 	Ankmy2 	ankyrin repeat and MYND domain containing 2	
161 	77	mmu-miR-223-5p 	Plag1 	pleiomorphic adenoma gene 1	
162 	77	mmu-miR-223-5p 	Rab11fip1 	RAB11 family interacting protein 1 (class I)	
163 	77	mmu-miR-223-5p 	Ncoa4 	nuclear receptor coactivator 4	
164 	77	mmu-miR-223-5p 	Rock2 	Rho-associated coiled-coil containing protein kinase 2	
165 	77	mmu-miR-223-5p 	Zc3h12c 	zinc finger CCCH type containing 12C	
166 	77	mmu-miR-223-5p 	Cfap298 	cilia and flagella associate protien 298	
167 	77	mmu-miR-223-5p 	Igfbp1 	insulin-like growth factor binding protein 1	
168 	77	mmu-miR-223-5p 	Ccdc83 	coiled-coil domain containing 83	
169 	77	mmu-miR-223-5p 	Ppp2r3d 	protein phosphatase 2 (formerly 2A), regulatory subunit B'', delta	
170 	77	mmu-miR-223-5p 	Fabp7 	fatty acid binding protein 7, brain	
171 	77	mmu-miR-223-5p 	Atg14 	autophagy related 14	
172 	76	mmu-miR-223-5p 	Acat1 	acetyl-Coenzyme A acetyltransferase 1	
173 	76	mmu-miR-223-5p 	Lmna 	lamin A	
174 	76	mmu-miR-223-5p 	Ano1 	anoctamin 1, calcium activated chloride channel	
175 	76	mmu-miR-223-5p 	Tjp1 	tight junction protein 1	
176 	76	mmu-miR-223-5p 	Abraxas1 	BRCA1 A complex subunit	
177 	76	mmu-miR-223-5p 	Glra2 	glycine receptor, alpha 2 subunit	
178 	75	mmu-miR-223-5p 	Zfp426 	zinc finger protein 426	
179 	75	mmu-miR-223-5p 	Pias2 	protein inhibitor of activated STAT 2	
180 	75	mmu-miR-223-5p 	Rhobtb3 	Rho-related BTB domain containing 3	
181 	75	mmu-miR-223-5p 	Nkain2 	Na+/K+ transporting ATPase interacting 2	
182 	75	mmu-miR-223-5p 	Idh3b 	isocitrate dehydrogenase 3 (NAD+) beta	
183 	75	mmu-miR-223-5p 	Tsc22d2 	TSC22 domain family, member 2	
184 	75	mmu-miR-223-5p 	Pfkfb2 	6-phosphofructo-2-kinase/fructose-2,6-biphosphatase 2	
185 	75	mmu-miR-223-5p 	Hmcn1 	hemicentin 1	
186 	74	mmu-miR-223-5p 	Utp6 	UTP6 small subunit processome component	
187 	74	mmu-miR-223-5p 	Gria3 	glutamate receptor, ionotropic, AMPA3 (alpha 3)	
188 	74	mmu-miR-223-5p 	Hook3 	hook microtubule tethering protein 3	
189 	74	mmu-miR-223-5p 	Sarnp 	SAP domain containing ribonucleoprotein	
190 	74	mmu-miR-223-5p 	Zfx 	zinc finger protein X-linked	
191 	74	mmu-miR-223-5p 	Ppp2r5d 	protein phosphatase 2, regulatory subunit B', delta	
192 	74	mmu-miR-223-5p 	Taf1b 	TATA-box binding protein associated factor, RNA polymerase I, B	
193 	74	mmu-miR-223-5p 	Lcorl 	ligand dependent nuclear receptor corepressor-like	
194 	74	mmu-miR-223-5p 	Tspan12 	tetraspanin 12	
195 	74	mmu-miR-223-5p 	Ano8 	anoctamin 8	
196 	74	mmu-miR-223-5p 	Slitrk4 	SLIT and NTRK-like family, member 4	
197 	74	mmu-miR-223-5p 	Lamp3 	lysosomal-associated membrane protein 3	
198 	74	mmu-miR-223-5p 	Pcdh18 	protocadherin 18	
199 	74	mmu-miR-223-5p 	Dcun1d3 	DCN1, defective in cullin neddylation 1, domain containing 3 (S. cerevisiae)	
200 	74	mmu-miR-223-5p 	Mlf1 	myeloid leukemia factor 1	
201 	74	mmu-miR-223-5p 	Ccn5 	cellular communication network factor 5	
202 	74	mmu-miR-223-5p 	Kcna2 	potassium voltage-gated channel, shaker-related subfamily, member 2	
203 	74	mmu-miR-223-5p 	Kcne1 	potassium voltage-gated channel, Isk-related subfamily, member 1	
204 	74	mmu-miR-223-5p 	Itpr2 	inositol 1,4,5-triphosphate receptor 2	
205 	74	mmu-miR-223-5p 	Ankrd34b 	ankyrin repeat domain 34B	
206 	74	mmu-miR-223-5p 	Rfx3 	regulatory factor X, 3 (influences HLA class II expression)	
207 	73	mmu-miR-223-5p 	Necab1 	N-terminal EF-hand calcium binding protein 1	
208 	73	mmu-miR-223-5p 	Ncoa2 	nuclear receptor coactivator 2	
209 	73	mmu-miR-223-5p 	Zfp882 	zinc finger protein 882	
210 	73	mmu-miR-223-5p 	Urgcp 	upregulator of cell proliferation	
211 	73	mmu-miR-223-5p 	Bach2 	BTB and CNC homology, basic leucine zipper transcription factor 2	
212 	73	mmu-miR-223-5p 	Cggbp1 	CGG triplet repeat binding protein 1	
213 	72	mmu-miR-223-5p 	Snap25 	synaptosomal-associated protein 25	
214 	72	mmu-miR-223-5p 	Sox9 	SRY (sex determining region Y)-box 9	
215 	72	mmu-miR-223-5p 	Rgs17 	regulator of G-protein signaling 17	
216 	72	mmu-miR-223-5p 	Gcnt1 	glucosaminyl (N-acetyl) transferase 1, core 2	
217 	72	mmu-miR-223-5p 	Vgll2 	vestigial like family member 2	
218 	72	mmu-miR-223-5p 	Ifi213 	interferon activated gene 213	
219 	72	mmu-miR-223-5p 	Cd40lg 	CD40 ligand	
220 	72	mmu-miR-223-5p 	Dlc1 	deleted in liver cancer 1	
221 	72	mmu-miR-223-5p 	Abca8a 	ATP-binding cassette, sub-family A (ABC1), member 8a	
222 	72	mmu-miR-223-5p 	Tor1aip2 	torsin A interacting protein 2	
223 	72	mmu-miR-223-5p 	Xrcc3 	X-ray repair complementing defective repair in Chinese hamster cells 3	
224 	72	mmu-miR-223-5p 	Car10 	carbonic anhydrase 10	
225 	72	mmu-miR-223-5p 	Ccdc125 	coiled-coil domain containing 125	
226 	72	mmu-miR-223-5p 	Deup1 	deuterosome assembly protein 1	
227 	71	mmu-miR-223-5p 	Cd86 	CD86 antigen	
228 	71	mmu-miR-223-5p 	Ampd3 	adenosine monophosphate deaminase 3	
229 	71	mmu-miR-223-5p 	Nxpe3 	neurexophilin and PC-esterase domain family, member 3	
230 	71	mmu-miR-223-5p 	Usp47 	ubiquitin specific peptidase 47	
231 	71	mmu-miR-223-5p 	Trim9 	tripartite motif-containing 9	
232 	71	mmu-miR-223-5p 	Rnf103 	ring finger protein 103	
233 	71	mmu-miR-223-5p 	Uck2 	uridine-cytidine kinase 2	
234 	71	mmu-miR-223-5p 	Pbx1 	pre B cell leukemia homeobox 1	
235 	71	mmu-miR-223-5p 	Zfp445 	zinc finger protein 445	
236 	71	mmu-miR-223-5p 	Ctsc 	cathepsin C	
237 	71	mmu-miR-223-5p 	Zfp281 	zinc finger protein 281	
238 	71	mmu-miR-223-5p 	Cyp2b19 	cytochrome P450, family 2, subfamily b, polypeptide 19	
239 	71	mmu-miR-223-5p 	Rps6ka3 	ribosomal protein S6 kinase polypeptide 3	
240 	70	mmu-miR-223-5p 	Hist1h2bq 	histone cluster 1, H2bq	
241 	70	mmu-miR-223-5p 	Hcn1 	hyperpolarization-activated, cyclic nucleotide-gated K+ 1	
242 	70	mmu-miR-223-5p 	Tpp1 	tripeptidyl peptidase I	
243 	70	mmu-miR-223-5p 	Gtf2h3 	general transcription factor IIH, polypeptide 3	
244 	70	mmu-miR-223-5p 	Slc35a5 	solute carrier family 35, member A5	
245 	70	mmu-miR-223-5p 	Recql 	RecQ protein-like	
246 	70	mmu-miR-223-5p 	Naaladl2 	N-acetylated alpha-linked acidic dipeptidase-like 2	
247 	70	mmu-miR-223-5p 	Ugcg 	UDP-glucose ceramide glucosyltransferase	
248 	70	mmu-miR-223-5p 	Pml 	promyelocytic leukemia	
249 	70	mmu-miR-223-5p 	Bmpr2 	bone morphogenetic protein receptor, type II (serine/threonine kinase)	
250 	70	mmu-miR-223-5p 	Hist1h2br 	histone cluster 1 H2br	
251 	70	mmu-miR-223-5p 	Zfp160 	zinc finger protein 160	
252 	70	mmu-miR-223-5p 	Cacybp 	calcyclin binding protein	
253 	69	mmu-miR-223-5p 	4933403O08Rik 	RIKEN cDNA 4933403O08 gene	
254 	69	mmu-miR-223-5p 	Ankrd44 	ankyrin repeat domain 44	
255 	69	mmu-miR-223-5p 	Fam122b 	family with sequence similarity 122, member B	
256 	69	mmu-miR-223-5p 	Edil3 	EGF-like repeats and discoidin I-like domains 3	
257 	69	mmu-miR-223-5p 	Ankrd55 	ankyrin repeat domain 55	
258 	69	mmu-miR-223-5p 	Prr5l 	proline rich 5 like	
259 	69	mmu-miR-223-5p 	Bbx 	bobby sox HMG box containing	
260 	68	mmu-miR-223-5p 	Zfp78 	zinc finger protein 78	
261 	68	mmu-miR-223-5p 	Ado 	2-aminoethanethiol (cysteamine) dioxygenase	
262 	68	mmu-miR-223-5p 	Adgrb3 	adhesion G protein-coupled receptor B3	
263 	68	mmu-miR-223-5p 	Rsph4a 	radial spoke head 4 homolog A (Chlamydomonas)	
264 	68	mmu-miR-223-5p 	Acsl4 	acyl-CoA synthetase long-chain family member 4	
265 	68	mmu-miR-223-5p 	Dram1 	DNA-damage regulated autophagy modulator 1	
266 	68	mmu-miR-223-5p 	Nutf2 	nuclear transport factor 2	
267 	68	mmu-miR-223-5p 	Lrrc1 	leucine rich repeat containing 1	
268 	68	mmu-miR-223-5p 	Tnfrsf1a 	tumor necrosis factor receptor superfamily, member 1a	
269 	68	mmu-miR-223-5p 	Crispld1 	cysteine-rich secretory protein LCCL domain containing 1	
270 	68	mmu-miR-223-5p 	Usp9x 	ubiquitin specific peptidase 9, X chromosome	
271 	67	mmu-miR-223-5p 	Lamp2 	lysosomal-associated membrane protein 2	
272 	67	mmu-miR-223-5p 	Fsd1l 	fibronectin type III and SPRY domain containing 1-like	
273 	67	mmu-miR-223-5p 	Taf4b 	TATA-box binding protein associated factor 4b	
274 	67	mmu-miR-223-5p 	Gpr149 	G protein-coupled receptor 149	
275 	66	mmu-miR-223-5p 	Chst11 	carbohydrate sulfotransferase 11	
276 	66	mmu-miR-223-5p 	Rev3l 	REV3 like, DNA directed polymerase zeta catalytic subunit	
277 	66	mmu-miR-223-5p 	Pum3 	pumilio RNA-binding family member 3	
278 	66	mmu-miR-223-5p 	Abt1 	activator of basal transcription 1	
279 	66	mmu-miR-223-5p 	Batf 	basic leucine zipper transcription factor, ATF-like	
280 	66	mmu-miR-223-5p 	Ptx3 	pentraxin related gene	
281 	66	mmu-miR-223-5p 	Zfand5 	zinc finger, AN1-type domain 5	
282 	66	mmu-miR-223-5p 	Arhgap25 	Rho GTPase activating protein 25	
283 	66	mmu-miR-223-5p 	Dcaf17 	DDB1 and CUL4 associated factor 17	
284 	66	mmu-miR-223-5p 	Atp2b1 	ATPase, Ca++ transporting, plasma membrane 1	
285 	65	mmu-miR-223-5p 	Cat 	catalase	
286 	65	mmu-miR-223-5p 	Epas1 	endothelial PAS domain protein 1	
287 	65	mmu-miR-223-5p 	Tmem236 	transmembrane protein 236	
288 	65	mmu-miR-223-5p 	Tceal8 	transcription elongation factor A (SII)-like 8	
289 	65	mmu-miR-223-5p 	Tomm20 	translocase of outer mitochondrial membrane 20	
290 	65	mmu-miR-223-5p 	Rc3h1 	RING CCCH (C3H) domains 1	
291 	65	mmu-miR-223-5p 	Klhl9 	kelch-like 9	
292 	65	mmu-miR-223-5p 	Adam23 	a disintegrin and metallopeptidase domain 23	
293 	65	mmu-miR-223-5p 	Zbtb37 	zinc finger and BTB domain containing 37	
294 	65	mmu-miR-223-5p 	Scamp1 	secretory carrier membrane protein 1	
295 	65	mmu-miR-223-5p 	Nexmif 	neurite extension and migration factor	
296 	65	mmu-miR-223-5p 	Slco3a1 	solute carrier organic anion transporter family, member 3a1	
297 	64	mmu-miR-223-5p 	Pcdhb9 	protocadherin beta 9	
298 	64	mmu-miR-223-5p 	Lair1 	leukocyte-associated Ig-like receptor 1	
299 	64	mmu-miR-223-5p 	Azin1 	antizyme inhibitor 1	
300 	64	mmu-miR-223-5p 	Ccdc39 	coiled-coil domain containing 39	
301 	64	mmu-miR-223-5p 	Cdh5 	cadherin 5	
302 	64	mmu-miR-223-5p 	Mei4 	meiotic double-stranded break formation protein 4	
303 	64	mmu-miR-223-5p 	Slc20a2 	solute carrier family 20, member 2	
304 	64	mmu-miR-223-5p 	Tigar 	Trp53 induced glycolysis repulatory phosphatase	
305 	64	mmu-miR-223-5p 	Dmd 	dystrophin, muscular dystrophy	
306 	64	mmu-miR-223-5p 	Ttll7 	tubulin tyrosine ligase-like family, member 7	
307 	64	mmu-miR-223-5p 	Trp53inp2 	transformation related protein 53 inducible nuclear protein 2	
308 	63	mmu-miR-223-5p 	Pcdhb14 	protocadherin beta 14	
309 	63	mmu-miR-223-5p 	Prpf4 	pre-mRNA processing factor 4	
310 	63	mmu-miR-223-5p 	Fgd4 	FYVE, RhoGEF and PH domain containing 4	
311 	63	mmu-miR-223-5p 	Neu1 	neuraminidase 1	
312 	63	mmu-miR-223-5p 	Ankrd29 	ankyrin repeat domain 29	
313 	63	mmu-miR-223-5p 	Mpzl3 	myelin protein zero-like 3	
314 	63	mmu-miR-223-5p 	Avpr1b 	arginine vasopressin receptor 1B	
315 	63	mmu-miR-223-5p 	Plod3 	procollagen-lysine, 2-oxoglutarate 5-dioxygenase 3	
316 	63	mmu-miR-223-5p 	Ugt1a5 	UDP glucuronosyltransferase 1 family, polypeptide A5	
317 	63	mmu-miR-223-5p 	Ugt1a6a 	UDP glucuronosyltransferase 1 family, polypeptide A6A	
318 	63	mmu-miR-223-5p 	Ctnnd2 	catenin (cadherin associated protein), delta 2	
319 	63	mmu-miR-223-5p 	Ugt1a10 	UDP glycosyltransferase 1 family, polypeptide A10	
320 	63	mmu-miR-223-5p 	Ugt1a2 	UDP glucuronosyltransferase 1 family, polypeptide A2	
321 	63	mmu-miR-223-5p 	Itih5l-ps 	inter-alpha (globulin) inhibitor H5-like, pseudogene	
322 	63	mmu-miR-223-5p 	Ugt1a9 	UDP glucuronosyltransferase 1 family, polypeptide A9	
323 	63	mmu-miR-223-5p 	Ugt1a7c 	UDP glucuronosyltransferase 1 family, polypeptide A7C	
324 	63	mmu-miR-223-5p 	Cpe 	carboxypeptidase E	
325 	63	mmu-miR-223-5p 	Ugt1a1 	UDP glucuronosyltransferase 1 family, polypeptide A1	
326 	62	mmu-miR-223-5p 	Ctsl 	cathepsin L	
327 	62	mmu-miR-223-5p 	Magee2 	melanoma antigen, family E, 2	
328 	62	mmu-miR-223-5p 	Gm13272 	predicted gene 13272	
329 	62	mmu-miR-223-5p 	Bmper 	BMP-binding endothelial regulator	
330 	62	mmu-miR-223-5p 	Fmn2 	formin 2	
331 	62	mmu-miR-223-5p 	Sypl 	synaptophysin-like protein	
332 	62	mmu-miR-223-5p 	Uvssa 	UV stimulated scaffold protein A	
333 	62	mmu-miR-223-5p 	Nek7 	NIMA (never in mitosis gene a)-related expressed kinase 7	
334 	62	mmu-miR-223-5p 	Runx1t1 	RUNX1 translocation partner 1	
335 	62	mmu-miR-223-5p 	Cldn34c1 	claudin 34C1	
336 	62	mmu-miR-223-5p 	Arid4b 	AT rich interactive domain 4B (RBP1-like)	
337 	62	mmu-miR-223-5p 	Shroom2 	shroom family member 2	
338 	62	mmu-miR-223-5p 	Zfp616 	zinc finger protein 616	
339 	62	mmu-miR-223-5p 	C1rl 	complement component 1, r subcomponent-like	
340 	62	mmu-miR-223-5p 	Vps33b 	vacuolar protein sorting 33B	
341 	61	mmu-miR-223-5p 	Cox15 	cytochrome c oxidase assembly protein 15	
342 	61	mmu-miR-223-5p 	Mab21l1 	mab-21-like 1 (C. elegans)	
343 	61	mmu-miR-223-5p 	Atp7a 	ATPase, Cu++ transporting, alpha polypeptide	
344 	61	mmu-miR-223-5p 	Kcnj15 	potassium inwardly-rectifying channel, subfamily J, member 15	
345 	61	mmu-miR-223-5p 	Akap8 	A kinase (PRKA) anchor protein 8	
346 	61	mmu-miR-223-5p 	Klhl29 	kelch-like 29	
347 	61	mmu-miR-223-5p 	4930539E08Rik 	RIKEN cDNA 4930539E08 gene	
348 	61	mmu-miR-223-5p 	Slc24a2 	solute carrier family 24 (sodium/potassium/calcium exchanger), member 2	
349 	61	mmu-miR-223-5p 	Nrk 	Nik related kinase	
350 	61	mmu-miR-223-5p 	Syde1 	synapse defective 1, Rho GTPase, homolog 1 (C. elegans)	
351 	61	mmu-miR-223-5p 	Vwc2l 	von Willebrand factor C domain-containing protein 2-like	
352 	61	mmu-miR-223-5p 	Agfg2 	ArfGAP with FG repeats 2	
353 	61	mmu-miR-223-5p 	Myo5a 	myosin VA	
354 	60	mmu-miR-223-5p 	Bmp7 	bone morphogenetic protein 7	
355 	60	mmu-miR-223-5p 	Arhgef11 	Rho guanine nucleotide exchange factor (GEF) 11	
356 	60	mmu-miR-223-5p 	Zfp449 	zinc finger protein 449	
357 	60	mmu-miR-223-5p 	Relch 	RAB11 binding and LisH domain, coiled-coil and HEAT repeat containing	
358 	60	mmu-miR-223-5p 	Cep72 	centrosomal protein 72	
359 	60	mmu-miR-223-5p 	Mrvi1 	MRV integration site 1	
360 	60	mmu-miR-223-5p 	Dusp4 	dual specificity phosphatase 4	
361 	60	mmu-miR-223-5p 	Kpna3 	karyopherin (importin) alpha 3	
362 	60	mmu-miR-223-5p 	Pdzk1 	PDZ domain containing 1	
363 	60	mmu-miR-223-5p 	Gm4861 	predicted gene 4861	
364 	60	mmu-miR-223-5p 	Slc34a1 	solute carrier family 34 (sodium phosphate), member 1	
365 	60	mmu-miR-223-5p 	Fbxl17 	F-box and leucine-rich repeat protein 17	
366 	60	mmu-miR-223-5p 	Zfp981 	zinc finger protein 981	
367 	60	mmu-miR-223-5p 	Igsf6 	immunoglobulin superfamily, member 6	
368 	60	mmu-miR-223-5p 	Taok1 	TAO kinase 1	
369 	59	mmu-miR-223-5p 	Zeb2 	zinc finger E-box binding homeobox 2	
370 	59	mmu-miR-223-5p 	Enah 	ENAH actin regulator	
371 	59	mmu-miR-223-5p 	Prss23 	protease, serine 23	
372 	59	mmu-miR-223-5p 	Jade2 	jade family PHD finger 2	
373 	59	mmu-miR-223-5p 	Adamts9 	a disintegrin-like and metallopeptidase (reprolysin type) with thrombospondin type 1 motif, 9	
374 	59	mmu-miR-223-5p 	Cd59a 	CD59a antigen	
375 	59	mmu-miR-223-5p 	Ppp1r2 	protein phosphatase 1, regulatory inhibitor subunit 2	
376 	59	mmu-miR-223-5p 	Zfp92 	zinc finger protein 92	
377 	59	mmu-miR-223-5p 	Mbnl2 	muscleblind like splicing factor 2	
378 	59	mmu-miR-223-5p 	Sh3rf3 	SH3 domain containing ring finger 3	
379 	58	mmu-miR-223-5p 	Tmed5 	transmembrane p24 trafficking protein 5	
380 	58	mmu-miR-223-5p 	Rabgap1l 	RAB GTPase activating protein 1-like	
381 	58	mmu-miR-223-5p 	Il18r1 	interleukin 18 receptor 1	
382 	58	mmu-miR-223-5p 	Ptp4a1 	protein tyrosine phosphatase 4a1	
383 	58	mmu-miR-223-5p 	Pank4 	pantothenate kinase 4	
384 	58	mmu-miR-223-5p 	Zfp780b 	zinc finger protein 780B	
385 	58	mmu-miR-223-5p 	Xkr6 	X-linked Kx blood group related 6	
386 	57	mmu-miR-223-5p 	Rell1 	RELT-like 1	
387 	57	mmu-miR-223-5p 	Tmem196 	transmembrane protein 196	
388 	57	mmu-miR-223-5p 	Ccnd2 	cyclin D2	
389 	57	mmu-miR-223-5p 	Zfp9 	zinc finger protein 9	
390 	57	mmu-miR-223-5p 	Rabgap1 	RAB GTPase activating protein 1	
391 	57	mmu-miR-223-5p 	Onecut2 	one cut domain, family member 2	
392 	57	mmu-miR-223-5p 	Slc12a2 	solute carrier family 12, member 2	
393 	57	mmu-miR-223-5p 	Sult1b1 	sulfotransferase family 1B, member 1	
394 	57	mmu-miR-223-5p 	Serpinb9 	serine (or cysteine) peptidase inhibitor, clade B, member 9	
395 	57	mmu-miR-223-5p 	1110059E24Rik 	RIKEN cDNA 1110059E24 gene	
396 	57	mmu-miR-223-5p 	Adamts12 	a disintegrin-like and metallopeptidase (reprolysin type) with thrombospondin type 1 motif, 12	
397 	57	mmu-miR-223-5p 	Fbxw2 	F-box and WD-40 domain protein 2	
398 	57	mmu-miR-223-5p 	Gid8 	GID complex subunit 8	
399 	57	mmu-miR-223-5p 	Erbin 	Erbb2 interacting protein	
400 	57	mmu-miR-223-5p 	Setbp1 	SET binding protein 1	
401 	57	mmu-miR-223-5p 	Plcxd2 	phosphatidylinositol-specific phospholipase C, X domain containing 2	
402 	57	mmu-miR-223-5p 	Dgat2l6 	diacylglycerol O-acyltransferase 2-like 6	
403 	57	mmu-miR-223-5p 	Trpc6 	transient receptor potential cation channel, subfamily C, member 6	
404 	57	mmu-miR-223-5p 	Lrp3 	low density lipoprotein receptor-related protein 3	
405 	57	mmu-miR-223-5p 	Cyp2r1 	cytochrome P450, family 2, subfamily r, polypeptide 1	
406 	57	mmu-miR-223-5p 	Rnf138 	ring finger protein 138	
407 	57	mmu-miR-223-5p 	Frs2 	fibroblast growth factor receptor substrate 2	
408 	57	mmu-miR-223-5p 	Acvr2b 	activin receptor IIB	
409 	57	mmu-miR-223-5p 	Polr3d 	polymerase (RNA) III (DNA directed) polypeptide D	
410 	56	mmu-miR-223-5p 	Gm3604 	predicted gene 3604	
411 	56	mmu-miR-223-5p 	Lgr6 	leucine-rich repeat-containing G protein-coupled receptor 6	
412 	56	mmu-miR-223-5p 	Lipf 	lipase, gastric	
413 	56	mmu-miR-223-5p 	Manea 	mannosidase, endo-alpha	
414 	56	mmu-miR-223-5p 	Adgrl4 	adhesion G protein-coupled receptor L4	
415 	56	mmu-miR-223-5p 	Gfra1 	glial cell line derived neurotrophic factor family receptor alpha 1	
416 	56	mmu-miR-223-5p 	Zfp704 	zinc finger protein 704	
417 	56	mmu-miR-223-5p 	C530008M17Rik 	RIKEN cDNA C530008M17 gene	
418 	56	mmu-miR-223-5p 	Col5a1 	collagen, type V, alpha 1	
419 	56	mmu-miR-223-5p 	Ell2 	elongation factor RNA polymerase II 2	
420 	56	mmu-miR-223-5p 	2610002M06Rik 	RIKEN cDNA 2610002M06 gene	
421 	56	mmu-miR-223-5p 	Ahsa2 	AHA1, activator of heat shock protein ATPase 2	
422 	56	mmu-miR-223-5p 	Arf6 	ADP-ribosylation factor 6	
423 	56	mmu-miR-223-5p 	Tnks 	tankyrase, TRF1-interacting ankyrin-related ADP-ribose polymerase	
424 	56	mmu-miR-223-5p 	Lin7a 	lin-7 homolog A (C. elegans)	
425 	56	mmu-miR-223-5p 	1190002N15Rik 	RIKEN cDNA 1190002N15 gene	
426 	56	mmu-miR-223-5p 	Yju2 	YJU2 splicing factor	
427 	55	mmu-miR-223-5p 	Rsbn1 	rosbin, round spermatid basic protein 1	
428 	55	mmu-miR-223-5p 	Arf1 	ADP-ribosylation factor 1	
429 	55	mmu-miR-223-5p 	Rab9b 	RAB9B, member RAS oncogene family	
430 	55	mmu-miR-223-5p 	Il1rap 	interleukin 1 receptor accessory protein	
431 	55	mmu-miR-223-5p 	Shisa7 	shisa family member 7	
432 	55	mmu-miR-223-5p 	Ids 	iduronate 2-sulfatase	
433 	55	mmu-miR-223-5p 	Eif4e 	eukaryotic translation initiation factor 4E	
434 	55	mmu-miR-223-5p 	Rnpc3 	RNA-binding region (RNP1, RRM) containing 3	
435 	55	mmu-miR-223-5p 	Pter 	phosphotriesterase related	
436 	55	mmu-miR-223-5p 	Syde2 	synapse defective 1, Rho GTPase, homolog 2 (C. elegans)	
437 	55	mmu-miR-223-5p 	Kcnv1 	potassium channel, subfamily V, member 1	
438 	55	mmu-miR-223-5p 	Trap1 	TNF receptor-associated protein 1	
439 	55	mmu-miR-223-5p 	Trhde 	TRH-degrading enzyme	
440 	55	mmu-miR-223-5p 	Hspa1a 	heat shock protein 1A	
441 	55	mmu-miR-223-5p 	Ccdc38 	coiled-coil domain containing 38	
442 	54	mmu-miR-223-5p 	Gpm6a 	glycoprotein m6a	
443 	54	mmu-miR-223-5p 	Izumo3 	IZUMO family member 3	
444 	54	mmu-miR-223-5p 	Kcnk10 	potassium channel, subfamily K, member 10	
445 	54	mmu-miR-223-5p 	Plk2 	polo like kinase 2	
446 	54	mmu-miR-223-5p 	Tmem19 	transmembrane protein 19	
447 	54	mmu-miR-223-5p 	Lnx2 	ligand of numb-protein X 2	
448 	54	mmu-miR-223-5p 	Nmrk2 	nicotinamide riboside kinase 2	
449 	54	mmu-miR-223-5p 	Tacc1 	transforming, acidic coiled-coil containing protein 1	
450 	54	mmu-miR-223-5p 	BC030499 	cDNA sequence BC030499	
451 	54	mmu-miR-223-5p 	Rora 	RAR-related orphan receptor alpha	
452 	54	mmu-miR-223-5p 	Ufm1 	ubiquitin-fold modifier 1	
453 	54	mmu-miR-223-5p 	Lpcat2b 	lysophosphatidylcholine acyltransferase 2B	
454 	54	mmu-miR-223-5p 	Bend4 	BEN domain containing 4	
455 	54	mmu-miR-223-5p 	Snapc1 	small nuclear RNA activating complex, polypeptide 1	
456 	54	mmu-miR-223-5p 	Pax6 	paired box 6	
457 	54	mmu-miR-223-5p 	Ephx3 	epoxide hydrolase 3	
458 	54	mmu-miR-223-5p 	Fam13a 	family with sequence similarity 13, member A	
459 	54	mmu-miR-223-5p 	Akt3 	thymoma viral proto-oncogene 3	
460 	54	mmu-miR-223-5p 	Pcdh10 	protocadherin 10	
461 	54	mmu-miR-223-5p 	Trove2 	TROVE domain family, member 2	
462 	54	mmu-miR-223-5p 	Pgap1 	post-GPI attachment to proteins 1	
463 	53	mmu-miR-223-5p 	Med19 	mediator complex subunit 19	
464 	53	mmu-miR-223-5p 	Has2 	hyaluronan synthase 2	
465 	53	mmu-miR-223-5p 	Pdk1 	pyruvate dehydrogenase kinase, isoenzyme 1	
466 	53	mmu-miR-223-5p 	Armc10 	armadillo repeat containing 10	
467 	53	mmu-miR-223-5p 	Cask 	calcium/calmodulin-dependent serine protein kinase (MAGUK family)	
468 	53	mmu-miR-223-5p 	Maml1 	mastermind like transcriptional coactivator 1	
469 	53	mmu-miR-223-5p 	Fbxl3 	F-box and leucine-rich repeat protein 3	
470 	53	mmu-miR-223-5p 	Dlg2 	discs large MAGUK scaffold protein 2	
471 	53	mmu-miR-223-5p 	Ociad1 	OCIA domain containing 1	
472 	53	mmu-miR-223-5p 	Dsp 	desmoplakin	
473 	53	mmu-miR-223-5p 	Gucy1a2 	guanylate cyclase 1, soluble, alpha 2	
474 	53	mmu-miR-223-5p 	Abcc2 	ATP-binding cassette, sub-family C (CFTR/MRP), member 2	
475 	53	mmu-miR-223-5p 	Hacl1 	2-hydroxyacyl-CoA lyase 1	
476 	53	mmu-miR-223-5p 	Tacr3 	tachykinin receptor 3	
477 	53	mmu-miR-223-5p 	Papss2 	3'-phosphoadenosine 5'-phosphosulfate synthase 2	
478 	53	mmu-miR-223-5p 	Ccdc178 	coiled coil domain containing 178	
479 	52	mmu-miR-223-5p 	Golt1b 	golgi transport 1B	
480 	52	mmu-miR-223-5p 	Ccpg1 	cell cycle progression 1	
481 	52	mmu-miR-223-5p 	Pakap 	paralemmin A kinase anchor protein	
482 	52	mmu-miR-223-5p 	Rbms3 	RNA binding motif, single stranded interacting protein	
483 	52	mmu-miR-223-5p 	Adcyap1r1 	adenylate cyclase activating polypeptide 1 receptor 1	
484 	52	mmu-miR-223-5p 	Cd33 	CD33 antigen	
485 	52	mmu-miR-223-5p 	Fancl 	Fanconi anemia, complementation group L	
486 	52	mmu-miR-223-5p 	Adgrl2 	adhesion G protein-coupled receptor L2	
487 	52	mmu-miR-223-5p 	Pom121 	nuclear pore membrane protein 121	
488 	52	mmu-miR-223-5p 	Rassf4 	Ras association (RalGDS/AF-6) domain family member 4	
489 	52	mmu-miR-223-5p 	Vamp5 	vesicle-associated membrane protein 5	
490 	52	mmu-miR-223-5p 	Eda2r 	ectodysplasin A2 receptor	
491 	52	mmu-miR-223-5p 	Huwe1 	HECT, UBA and WWE domain containing 1	
492 	51	mmu-miR-223-5p 	Pom121l2 	POM121 membrane glycoprotein-like 2 (rat)	
493 	51	mmu-miR-223-5p 	Smyd3 	SET and MYND domain containing 3	
494 	51	mmu-miR-223-5p 	Ogfrl1 	opioid growth factor receptor-like 1	
495 	51	mmu-miR-223-5p 	Akap10 	A kinase (PRKA) anchor protein 10	
496 	51	mmu-miR-223-5p 	Pstpip2 	proline-serine-threonine phosphatase-interacting protein 2	
497 	51	mmu-miR-223-5p 	Fas 	Fas (TNF receptor superfamily member 6)	
498 	51	mmu-miR-223-5p 	Rgs9bp 	regulator of G-protein signalling 9 binding protein	
499 	51	mmu-miR-223-5p 	Steap2 	six transmembrane epithelial antigen of prostate 2	
500 	51	mmu-miR-223-5p 	Trim2 	tripartite motif-containing 2	
501 	51	mmu-miR-223-5p 	Tbc1d30 	TBC1 domain family, member 30	
502 	51	mmu-miR-223-5p 	Itgae 	integrin alpha E, epithelial-associated	
503 	51	mmu-miR-223-5p 	Arpp21 	cyclic AMP-regulated phosphoprotein, 21	
504 	51	mmu-miR-223-5p 	Chic2 	cysteine-rich hydrophobic domain 2	
505 	51	mmu-miR-223-5p 	Vezt 	vezatin, adherens junctions transmembrane protein	
506 	51	mmu-miR-223-5p 	Prlr 	prolactin receptor	
507 	51	mmu-miR-223-5p 	Pcdh15 	protocadherin 15	
508 	51	mmu-miR-223-5p 	Ezr 	ezrin	
509 	51	mmu-miR-223-5p 	Brinp1 	bone morphogenic protein/retinoic acid inducible neural specific 1	
510 	50	mmu-miR-223-5p 	Ccdc115 	coiled-coil domain containing 115	
511 	50	mmu-miR-223-5p 	Ildr2 	immunoglobulin-like domain containing receptor 2	
512 	50	mmu-miR-223-5p 	Acpp 	acid phosphatase, prostate	
513 	50	mmu-miR-223-5p 	Orc2 	origin recognition complex, subunit 2	
514 	50	mmu-miR-223-5p 	Zfp59 	zinc finger protein 59	
515 	50	mmu-miR-223-5p 	Asah2 	N-acylsphingosine amidohydrolase 2	
516 	50	mmu-miR-223-5p 	Echdc1 	enoyl Coenzyme A hydratase domain containing 1	
517 	50	mmu-miR-223-5p 	Zc3h7b 	zinc finger CCCH type containing 7B	
