Virus	Seed start	Seed end	Alignment
HCoV-229E	10778	10783	TCTGTAAGTGCACATTA|GGTGTT|TATGATTTCTGTGTTAG
HCoV-HKU1	11825	11830	TTTTTAGAATGCCTATG|GGTGTT|TATAATTATAAAATTTC
HCoV-NL63	10697	10702	TTTTTAAATGTACTATG|GGTGTT|TATGATTTTAAGGTGAG
HCoV-OC43	11565	11570	TGTTTAGAATGCCTTTG|GGTGTT|TATAATTATAAAATTTC
SARS-CoV-2	11690	11695	ACTTTAGACTGACTCTT|GGTGTT|TATGATTACTTAGTTTC
SARS-CoV	11620	11625	ACTTCAGGCTTACTCTT|GGTGTT|TATGACTACTTGGTCTC

Virus	Seed start	Seed end	Alignment
HCoV-229E	10079	10084	TTGTCAAACAAATGTTT|GGTGTT|AACCTGCAAAGTGGTAA
HCoV-HKU1	11102	11107	TTTATCAACAATTGGCT|GGTGTT|AAATTGCAATCTAAAAC
HCoV-NL63	9998	10003	TTGTGAAGCAGATGTAT|GGTGTT|AACTTGCAAAGTGGTAA
SARS-CoV-2	10958	10963	TTGTTAGACAATGCTCA|GGTGTT|ACTTTCCAAAGTGCAGT
SARS-CoV	10888	10893	TTGTTAGACAATGCTCT|GGTGTT|ACCTTCCAAGGTAAGTT

Virus	Seed start	Seed end	Alignment
HCoV-229E	17407	17412	AAGTTGGTTTTTCCAAT|GGTGTT|GATTTTGTAGCTCAACC
HCoV-NL63	17326	17331	AGGTTGGTTTTTCAAAT|GGTGTT|AATTTTGTTGTGCAAAC
SARS-CoV-2	18379	18384	AGCTAGGTTTTTCTACA|GGTGTT|AACCTAGTTGCTGTACC
SARS-CoV	18309	18314	AGCTAGGATTTTCTACA|GGTGTT|AACTTAGTAGCTGTACC

Virus	Seed start	Seed end	Alignment
HCoV-229E	9554	9559	ATGATGGTTGTGCTCAA|GGTGTT|TTTGGTGTGAACATGAG
HCoV-NL63	9470	9475	ATGAAGGTATTGCATCT|GGTGTT|TTTGGTGTTAATTTACG
SARS-CoV-2	10424	10429	ACAATGGTTCACCATCT|GGTGTT|TACCAATGTGCTATGAG
SARS-CoV	10354	10359	ACAATGGTTCACCATCT|GGTGTT|TATCAGTGTGCCATGAG

Virus	Seed start	Seed end	Alignment
HCoV-229E	13084	13089	TGCTCAAAGGAGTTGTT|GGTGTT|TTGACCTTAGACAACCA
HCoV-HKU1	14182	14187	TTGAAGTAGGTTTAGTT|GGTGTT|TTAACTTTAGATAACCA
HCoV-NL63	13003	13008	TTGCTAAAGGTGTTGTT|GGTGTT|TTAACATTAGATAACCA

Virus	Seed start	Seed end	Alignment
HCoV-229E	18847	18852	GTATTCTCAAAAACCTT|GGTGTT|GTCGCCACATATAAGTT
HCoV-NL63	18766	18771	CTATTCTCAAAAATCTC|GGTGTT|GTTGCTACATATAAATT
SARS-CoV	19776	19781	AGATACTCAATAATTTG|GGTGTT|GATATCGCTGCTAATAC

Virus	Seed start	Seed end	Alignment
HCoV-HKU1	15238	15243	GAGCTCGCACTGTAGCA|GGTGTT|TCTATTCTTAGTACTAT
HCoV-NL63	14074	14079	GTGCTAGAACTGTTGGT|GGTGTT|TCTCTGTTGTCTACAAT
HCoV-OC43	14978	14983	GAGCCCGCACTGTTGCT|GGTGTT|TCCATACTTAGTACTAT

Virus	Seed start	Seed end	Alignment
HCoV-HKU1	5021	5026	AATTTGATGTTATTAAC|GGTGTT|AAAACTGTTAAGTATTT
HCoV-OC43	4764	4769	AGTTTTATCAAATTAAT|GGTGTT|AGAACCGTTAAGTATTT
SARS-CoV	4762	4767	--GCGTACAGAGTTA--|GGTGTT|GAATTTCTTAAGCGTGG

Virus	Seed start	Seed end	Alignment
HCoV-NL63	13408	13413	GTAAAGTTTTTATAGAT|GGTGTT|CCACTTGTTACAACTGC
SARS-CoV-2	14449	14454	GAAAAATATTTGTTGAT|GGTGTT|CCATTTGTAGTTTCAAC
SARS-CoV	14379	14384	GAAAAATATTTGTAGAT|GGTGTT|CCTTTTGTTGTTTCAAC

Virus	Seed start	Seed end	Alignment
HCoV-NL63	8324	8329	GCCGTGACTCACATAAA|GGTGTT|TGTTTTGGTTTTGATAA
MERS-CoV	9213	9218	GTGAGTATGCACAAGAG|GGTGTT|TGTATTACCACAAATGG
SARS-CoV-2	9248	9253	GTGAAAGATCAGAAGCT|GGTGTT|TGTGTATCTACTAGTGG

Virus	Seed start	Seed end	Alignment
HCoV-229E	11516	11521	TTAATATGGCACGTAAT|GGTGTT|GTCCCTCTTTCCGTTAT
HCoV-NL63	11435	11440	TGAATTTAGCACGTGAT|GGTGTT|GTGCCATTGTCAGTTAT

Virus	Seed start	Seed end	Alignment
HCoV-229E	15001	15006	GCCGTATTATTTCTGCT|GGTGTT|TTTGTGGATGACATCAC
HCoV-NL63	14920	14925	GTAGGATCTTGTCAGCT|GGTGTT|TTTGTTGATGATGTTGT

Virus	Seed start	Seed end	Alignment
HCoV-229E	15172	15177	ACAAGACTCTTAACGAA|GGTGTT|TTGGAGTCTTTTTCTGT
HCoV-NL63	15091	15096	ACAAAAATTTGAATGAG|GGTGTT|CTTGAATCTTTTTCTGT

Virus	Seed start	Seed end	Alignment
HCoV-229E	16522	16527	GAGTTCTTATCTCTAAA|GGTGTT|ATGGAACCAATTGACTA
HCoV-NL63	16441	16446	GAGTAATGATTACTAAA|GGTGTT|ATGGAGCCTGTTGATTA

Virus	Seed start	Seed end	Alignment
HCoV-229E	1820	1825	ACCACAAAG--CTTAAG|GG-TGTT-|CGTGAA-CGTGGCCTTA
HCoV-NL63	1811	1816	ACTGAAGTT--GTTCGT|GG-TGTT-|CGTGAT-GCTCGCATAA

Virus	Seed start	Seed end	Alignment
HCoV-229E	26532	26537	CAGGTGTTGTGGCCAAT|GGTGTT|AAAGCTAAAGGCTATCC
HCoV-NL63	26934	26939	CAGATCTTGTTCAGAAT|GGTGTT|GATGCCAAAGGTTTTCC

Virus	Seed start	Seed end	Alignment
HCoV-229E	5180	5185	--TGAACAAC--AAGTT|GGTGT------T|ATTGCT-GATAAGGACA
HCoV-NL63	5111	5116	--TGGTAAAC--AATTG|GGTGT------T|GTGAGT-GATGGTGTTG

Virus	Seed start	Seed end	Alignment
HCoV-229E	6191	6196	ACCACAA----AGGACG|GGTGTT|GTTTTAA-AACGTAGT-
HCoV-NL63	6113	6118	TCCTAAA----CGTACA|GGTGTT|ATTTTGA-CACGTAGT-

Virus	Seed start	Seed end	Alignment
HCoV-229E	8120	8125	TGCTTTTGGTAATGCT-|GGTGTT|TGTTATGACAT-TTTTG
HCoV-NL63	8036	8041	TGCTTTTGGAAACACA-|GGTGTT|TGTTATGACTT-TGATG

Virus	Seed start	Seed end	Alignment
HCoV-229E	8645	8650	TTGGTGACCTTTCTGTA|GGTGTT|TGCACTGTTGTTGTGGC
HCoV-NL63	8561	8566	TTGGTGATCTTTCTTAT|GGTGTT|TTTACTGTTGTTTGTGC

Virus	Seed start	Seed end	Alignment
HCoV-HKU1	10973	10978	CTTTGGCTTCAATGACA|GGTGTT|TCTATTGAAACTTTATT
HCoV-NL63	9869	9874	TTTTGGCAGCAAAAACT|GGTGTT|AGTGTTGAACAATTGTT

Virus	Seed start	Seed end	Alignment
HCoV-HKU1	15313	15318	GTATAGCAGCTACCCGA|GGTGTT|CCTGTTGTTATAGGAAC
HCoV-OC43	15053	15058	GTATAGCAGCTACACGT|GGTGTT|CCTGTAGTTATAGGCAC

Virus	Seed start	Seed end	Alignment
HCoV-HKU1	15847	15852	TGATTTTGAGTGATGAT|GGTGTT|GTCTGTTATAACTCTGA
HCoV-NL63	14683	14688	TGATTCTCTCTGATGAC|GGTGTT|GTCTGTTATAACAAGGA

Virus	Seed start	Seed end	Alignment
HCoV-HKU1	20029	20034	TTTGTAGTTCCACTTAT|GGTGTT|TGTAAATACACAGATTT
SARS-CoV-2	19918	19923	CACATATATCTACTATT|GGTGTT|TGTTCTATGACTGACAT

Virus	Seed start	Seed end	Alignment
HCoV-HKU1	22058	22063	AATTA-TTTTTTATGAG|GGTGTT|AATTTTAATCCTTATC-
HCoV-OC43	22657	22662	AATTA-TTTTTTATGAG|GGTGTT|AATTTTACGCCTTATC-

Virus	Seed start	Seed end	Alignment
HCoV-HKU1	23845	23850	CTTTATTACCTAATACT|G-GTGTT|TATGACTTATCTGGTTT
HCoV-OC43	24570	24575	CTATAGCACCACCTACT|G-GTGTT|TATGAATTAAACGGTTA

Virus	Seed start	Seed end	Alignment
HCoV-HKU1	5183	5188	TGCTTACTGTAG---AT|GGTGTT|AATTTTAAATCTATTTC
HCoV-OC43	4926	4931	TGCTAACTGTTG---AT|GGTGTT|AATTTCACTAATAGGTT

Virus	Seed start	Seed end	Alignment
HCoV-HKU1	6596	6601	AAGAGGTTAAGTTAAAG|GGTGTT|AGAAAGACTGTTAAAAT
HCoV-OC43	6336	6341	CAT-TATTAAGTTAAGT|GGTGTT|AAAAAACCATTTAAGGT

Virus	Seed start	Seed end	Alignment
HCoV-HKU1	8495	8500	TTGTAGCTGCTGATTTA|GGTGTT|CTTATACAGAATGGTGC
HCoV-OC43	8235	8240	TTGTGGCAGCTGATTTA|GGTGTT|CTGATTCAAAATTCTGC

Virus	Seed start	Seed end	Alignment
HCoV-HKU1	8864	8869	TTAAAGTTATTGATAAT|GGTGTT|GTTAGAGATATTTCAGT
HCoV-OC43	8604	8609	ATAAAGTTTTAGATAAT|GGTGTT|ATTAGAGATGTTAGCGT

Virus	Seed start	Seed end	Alignment
HCoV-NL63	18589	18594	AAAAAGGGTGTTTTACT|GGTGTT|GATGGTGAGTTACCTGT
MERS-CoV	19622	19627	AACAAGGCCATTTTATT|GGTGTT|GAGGGTGAACTACCTGT

Virus	Seed start	Seed end	Alignment
SARS-CoV-2	17668	17673	TTAAAATGTTTTATAAG|GGTGTT|ATCACGCATGATGTTTC
SARS-CoV	17598	17603	TCAAAATGTTCTACAAA|GGTGTT|ATTACACATGATGTTTC

Virus	Seed start	Seed end	Alignment
SARS-CoV-2	20680	20685	GTCAAGCGTGGCAACCG|GGTGTT|GCTATGCCTAATCTTTA
SARS-CoV	20610	20615	GTCAAGCGTGGCAACCA|GGTGTT|GCGATGCCTAACTTGTA

Virus	Seed start	Seed end	Alignment
SARS-CoV-2	5609	5614	ATGAACAATTTAAGAAA|GGTGTT|CAGAT---ACCTTGTAC
SARS-CoV	5539	5544	ATGATAATCTTAAGACA|GGTGTT|TCCAT---TCCATGTGT
